{
    "vertices":[0.307227,-0.076052,-1.75663,0.307227,-0.076052,-0.673719,-0.307227,-0.076052,-0.67372,-0.307227,-0.076052,-1.75663,0.307227,0.076052,-1.75662,0.307227,0.076052,-0.673719,-0.307227,0.076052,-0.67372,-0.307227,0.076052,-1.75663,0,-0.076052,-2.83953,0.307227,-0,-1.75662,0,-0.076052,-0.673719,0.307227,-0,-0.673719,-0.307227,-0,-0.67372,-0.307227,-0,-1.75663,0,0.076052,-2.83953,-0,0.076052,-0.673719,0,-0.076052,-1.75663,-0,0.076052,-1.75662,-0,-0,-0.673719,0,-0,-2.83953,0.153613,0.076052,-0.673719,0.153613,-0,-0.673719,0.153613,-0.076052,-0.673719,-0.153613,-0.076052,-0.673719,-0.153614,-0,-0.673719,-0.153614,0.076052,-0.673719,0.153613,0.076052,-1.75662,-0.153614,0.076052,-1.75663],
    "uvs":[],
    "metadata":{
        "generator":"io_three",
        "type":"Geometry",
        "vertices":28,
        "uvs":0,
        "version":3,
        "faces":42,
        "normals":20
    },
    "faces":[32,25,6,12,0,1,2,32,15,25,12,0,0,2,32,18,15,12,3,0,2,32,18,12,24,3,2,3,33,12,6,7,13,2,1,4,5,33,19,8,3,13,6,7,8,5,33,4,14,17,26,9,10,11,11,33,9,4,5,11,12,9,13,14,32,26,17,15,11,11,0,32,4,26,15,9,11,0,32,4,15,20,9,0,0,32,4,20,5,9,0,13,33,0,9,11,1,15,12,14,16,32,0,1,22,15,16,17,32,22,10,16,17,17,18,32,0,22,16,15,17,18,32,10,18,24,17,3,3,32,10,24,12,17,3,2,32,10,12,2,17,2,19,32,10,2,23,17,19,17,32,1,11,21,16,14,3,32,1,21,18,16,3,3,32,1,18,10,16,3,17,32,1,10,22,16,17,17,32,20,15,18,0,0,3,32,5,20,18,13,0,3,32,5,18,21,13,3,3,32,11,5,21,14,13,3,33,2,12,13,3,19,2,5,8,32,0,16,8,15,18,7,33,14,19,13,7,10,6,5,4,33,4,9,19,14,9,12,6,10,33,9,0,8,19,12,15,7,6,32,27,7,6,11,4,1,32,17,27,6,11,11,1,32,17,6,15,11,1,0,32,6,25,15,1,0,0,32,8,16,3,7,18,8,33,14,7,27,17,10,4,11,11,32,10,23,2,17,17,19,32,16,10,2,18,17,19,32,16,2,3,18,19,8],
    "normals":[0,0.707083,0.707083,-0.577349,0.577349,0.577349,-0.707083,0,0.707083,0,0,1,-0.728599,0.677358,-0.101352,-0.990448,0,-0.137761,0,0,-1,0,-0.541887,-0.840419,-0.728599,-0.677358,-0.101352,0.728599,0.677358,-0.101352,0,0.541887,-0.840419,0,1,0,0.990448,0,-0.137761,0.577349,0.577349,0.577349,0.707083,0,0.707083,0.728599,-0.677358,-0.101352,0.577349,-0.577349,0.577349,0,-0.707083,0.707083,0,-1,0,-0.577349,-0.577349,0.577349],
    "name":"CubeGeometry"
}